[{"id":"6289638964482@s.whatsapp.net","xp":0,"level":1},{"id":"628977074297@s.whatsapp.net","xp":0,"level":1},{"id":"6289626156638@s.whatsapp.net","xp":0,"level":1},{"id":"6283871990243@s.whatsapp.net","xp":0,"level":1},{"id":"6288212950591@s.whatsapp.net","xp":0,"level":1},{"id":"62881023035719@s.whatsapp.net","xp":0,"level":1},{"id":"6281293659117@s.whatsapp.net","xp":0,"level":1},{"id":"6285838272010@s.whatsapp.net","xp":0,"level":1},{"id":"6283125501086@s.whatsapp.net","xp":0,"level":1},{"id":"6281268372359@s.whatsapp.net","xp":0,"level":1},{"id":"6283153479798@s.whatsapp.net","xp":0,"level":1},{"id":"","xp":0,"level":1},{"id":"16202708527@s.whatsapp.net","xp":0,"level":1},{"id":"6289501559443@s.whatsapp.net","xp":0,"level":1},{"id":"6288242467922@s.whatsapp.net","xp":0,"level":1},{"id":"62812641943548@s.whatsapp.net","xp":0,"level":1},{"id":"6281357489611@s.whatsapp.net","xp":0,"level":1},{"id":"6285694595251@s.whatsapp.net","xp":0,"level":1},{"id":"6285822515051@s.whatsapp.net","xp":0,"level":1},{"id":"6289673291445@s.whatsapp.net","xp":0,"level":1},{"id":"6283125059062@s.whatsapp.net","xp":0,"level":1},{"id":"6281313925775@s.whatsapp.net","xp":0,"level":1},{"id":"6285878211643@s.whatsapp.net","xp":0,"level":1},{"id":"6282268335890@s.whatsapp.net","xp":0,"level":1},{"id":"6287783185843@s.whatsapp.net","xp":0,"level":1},{"id":"6288229601824@s.whatsapp.net","xp":0,"level":1},{"id":"6281210566946@s.whatsapp.net","xp":0,"level":1},{"id":"62823241387900@s.whatsapp.net","xp":0,"level":1},{"id":"6281268520927@s.whatsapp.net","xp":0,"level":1},{"id":"6285867937545@s.whatsapp.net","xp":0,"level":1},{"id":"6285795410750@s.whatsapp.net","xp":0,"level":1},{"id":"6282226169289@s.whatsapp.net","xp":0,"level":1},{"id":"6285852565460@s.whatsapp.net","xp":0,"level":1},{"id":"6283146208804@s.whatsapp.net","xp":0,"level":1},{"id":"6281328507885@s.whatsapp.net","xp":0,"level":1},{"id":"6288210858927@s.whatsapp.net","xp":0,"level":1},{"id":"6285240646336@s.whatsapp.net","xp":0,"level":1},{"id":"6288224465258@s.whatsapp.net","xp":0,"level":1},{"id":"6285216556369@s.whatsapp.net","xp":0,"level":1},{"id":"16147065184@s.whatsapp.net","xp":0,"level":1},{"id":"6285361663883@s.whatsapp.net","xp":0,"level":1},{"id":"6282179910750@s.whatsapp.net","xp":0,"level":1},{"id":"62895330146362@s.whatsapp.net","xp":0,"level":1},{"id":"6285727136405@s.whatsapp.net","xp":0,"level":1},{"id":"62815852682952@s.whatsapp.net","xp":0,"level":1},{"id":"6282125527082@s.whatsapp.net","xp":0,"level":1},{"id":"6289512545999@s.whatsapp.net","xp":248,"level":3},{"id":"6285232042168@s.whatsapp.net","xp":0,"level":1},{"id":"62895803444159@s.whatsapp.net","xp":0,"level":1},{"id":"6289530298948@s.whatsapp.net","xp":66,"level":1},{"id":"62895333717964@s.whatsapp.net","xp":0,"level":1},{"id":"6281312427451@s.whatsapp.net","xp":0,"level":1},{"id":"6283892120320@s.whatsapp.net","xp":18,"level":1},{"id":"6281413581574@s.whatsapp.net","xp":28,"level":1},{"id":"6288222633957@s.whatsapp.net","xp":0,"level":1},{"id":"6288279268363@s.whatsapp.net","xp":0,"level":1},{"id":"923467725119@s.whatsapp.net","xp":0,"level":1},{"id":"6289501427163@s.whatsapp.net","xp":0,"level":1},{"id":"6288296339947@s.whatsapp.net","xp":0,"level":1},{"id":"6281239934147@s.whatsapp.net","xp":0,"level":1},{"id":"6281949031681@s.whatsapp.net","xp":0,"level":1},{"id":"6281277979008@s.whatsapp.net","xp":0,"level":1},{"id":"6283861291027@s.whatsapp.net","xp":0,"level":1},{"id":"6283813991733@s.whatsapp.net","xp":0,"level":1},{"id":"6282297257748@s.whatsapp.net","xp":16,"level":1},{"id":"62857815632832@s.whatsapp.net","xp":14,"level":1},{"id":"6283818777312@s.whatsapp.net","xp":0,"level":1},{"id":"6285878166248@s.whatsapp.net","xp":0,"level":1},{"id":"212668960533@s.whatsapp.net","xp":0,"level":1},{"id":"6283110372378@s.whatsapp.net","xp":0,"level":1},{"id":"6285772223145@s.whatsapp.net","xp":0,"level":1},{"id":"6285742372613@s.whatsapp.net","xp":0,"level":1},{"id":"6281523940672@s.whatsapp.net","xp":109,"level":1},{"id":"6282272495333@s.whatsapp.net","xp":0,"level":1},{"id":"6288297184380@s.whatsapp.net","xp":0,"level":1},{"id":"6283127014833@s.whatsapp.net","xp":0,"level":1},{"id":"19093238987@s.whatsapp.net","xp":0,"level":1},{"id":"6282125441729@s.whatsapp.net","xp":102,"level":1},{"id":"18777237913@s.whatsapp.net","xp":0,"level":1},{"id":"6289526478956@s.whatsapp.net","xp":13,"level":1},{"id":"16017518426@s.whatsapp.net","xp":0,"level":1},{"id":"6289507988704@s.whatsapp.net","xp":0,"level":1},{"id":"6287722575189@s.whatsapp.net","xp":46,"level":1},{"id":"6285241581267@s.whatsapp.net","xp":18,"level":1},{"id":"6281212260491@s.whatsapp.net","xp":19,"level":1},{"id":"628979226908@s.whatsapp.net","xp":0,"level":1},{"id":"6282268562601@s.whatsapp.net","xp":0,"level":1},{"id":"6281232301061@s.whatsapp.net","xp":0,"level":1},{"id":"923181718309@s.whatsapp.net","xp":0,"level":1},{"id":"6281360697844@s.whatsapp.net","xp":12,"level":1},{"id":"12135290116@s.whatsapp.net","xp":0,"level":1},{"id":"6281334788944@s.whatsapp.net","xp":0,"level":1},{"id":"6282141068904@s.whatsapp.net","xp":0,"level":1},{"id":"628985927917@s.whatsapp.net","xp":72,"level":1},{"id":"6283123106454@s.whatsapp.net","xp":64,"level":1},{"id":"601151643814@s.whatsapp.net","xp":62,"level":1},{"id":"6282132896002@s.whatsapp.net","xp":15,"level":1},{"id":"6281389140644@s.whatsapp.net","xp":11,"level":1},{"id":"6288975996370@s.whatsapp.net","xp":0,"level":1},{"id":"6288235740963@s.whatsapp.net","xp":18,"level":1},{"id":"6288802752781@s.whatsapp.net","xp":0,"level":1},{"id":"62857815632831@s.whatsapp.net","xp":29,"level":1},{"id":"19362514630@s.whatsapp.net","xp":0,"level":1},{"id":"6289681008411@s.whatsapp.net","xp":0,"level":1},{"id":"19032825301@s.whatsapp.net","xp":134,"level":1},{"id":"6289524908780@s.whatsapp.net","xp":244,"level":3},{"id":"6281252489631@s.whatsapp.net","xp":33,"level":1},{"id":"6287846890807@s.whatsapp.net","xp":0,"level":1},{"id":"6285761413369@s.whatsapp.net","xp":0,"level":1},{"id":"6281392162012@s.whatsapp.net","xp":53,"level":1},{"id":"6288227217418@s.whatsapp.net","xp":123,"level":1},{"id":"6281239024631@s.whatsapp.net","xp":14,"level":1},{"id":"6285788773100@s.whatsapp.net","xp":0,"level":1},{"id":"6285263738789@s.whatsapp.net","xp":0,"level":1},{"id":"6285214910046@s.whatsapp.net","xp":13,"level":1},{"id":"6287788069091@s.whatsapp.net","xp":0,"level":1},{"id":"6285817145815@s.whatsapp.net","xp":11,"level":1},{"id":"917773924641@s.whatsapp.net","xp":0,"level":1},{"id":"62895379644789@s.whatsapp.net","xp":11,"level":1},{"id":"6287720553841@s.whatsapp.net","xp":0,"level":1},{"id":"62881026414656@s.whatsapp.net","xp":0,"level":1},{"id":"6281222664573@s.whatsapp.net","xp":0,"level":1},{"id":"62882001944044@s.whatsapp.net","xp":407,"level":4},{"id":"62882001452900@s.whatsapp.net","xp":13,"level":1},{"id":"62895396042960@s.whatsapp.net","xp":0,"level":1},{"id":"6282124983406@s.whatsapp.net","xp":65,"level":1},{"id":"6285721192837@s.whatsapp.net","xp":121,"level":1},{"id":"6288214632502@s.whatsapp.net","xp":0,"level":1},{"id":"6285748449956@s.whatsapp.net","xp":32,"level":1},{"id":"6281311761250@s.whatsapp.net","xp":15,"level":1},{"id":"6285822346154@s.whatsapp.net","xp":0,"level":1},{"id":"6281959007638@s.whatsapp.net","xp":0,"level":1},{"id":"6285777102125@s.whatsapp.net","xp":0,"level":1},{"id":"6283131715168@s.whatsapp.net","xp":0,"level":1},{"id":"6282172837249@s.whatsapp.net","xp":12,"level":1},{"id":"6285721174058@s.whatsapp.net","xp":0,"level":1},{"id":"94781971091@s.whatsapp.net","xp":0,"level":1},{"id":"6283172979217@s.whatsapp.net","xp":0,"level":1},{"id":"628814018535@s.whatsapp.net","xp":55,"level":1},{"id":"62895622691093@s.whatsapp.net","xp":0,"level":1},{"id":"6285651077602@s.whatsapp.net","xp":0,"level":1},{"id":"6281228732179@s.whatsapp.net","xp":32,"level":1},{"id":"6285600895687@s.whatsapp.net","xp":0,"level":1},{"id":"265993138535@s.whatsapp.net","xp":0,"level":1},{"id":"60138171219@s.whatsapp.net","xp":16,"level":1},{"id":"917355994754@s.whatsapp.net","xp":0,"level":1},{"id":"6285763540405@s.whatsapp.net","xp":44,"level":1},{"id":"6282287486762@s.whatsapp.net","xp":0,"level":1},{"id":"6285754546964@s.whatsapp.net","xp":15,"level":1},{"id":"62859102781765@s.whatsapp.net","xp":0,"level":1},{"id":"6285925991131@s.whatsapp.net","xp":0,"level":1},{"id":"6288221178893@s.whatsapp.net","xp":0,"level":1},{"id":"6281274977629@s.whatsapp.net","xp":0,"level":1},{"id":"6283162153116@s.whatsapp.net","xp":0,"level":1},{"id":"6282361092096@s.whatsapp.net","xp":35,"level":1},{"id":"6285335061051@s.whatsapp.net","xp":0,"level":1},{"id":"6282268881337@s.whatsapp.net","xp":26,"level":1},{"id":"6282223011829@s.whatsapp.net","xp":14,"level":1},{"id":"6281375186164@s.whatsapp.net","xp":44,"level":1},{"id":"6283854634167@s.whatsapp.net","xp":0,"level":1},{"id":"6283174603267@s.whatsapp.net","xp":14,"level":1},{"id":"6282186065433@s.whatsapp.net","xp":17,"level":1},{"id":"923167488681@s.whatsapp.net","xp":16,"level":1},{"id":"6283137972620@s.whatsapp.net","xp":0,"level":1},{"id":"6281212083401@s.whatsapp.net","xp":0,"level":1},{"id":"62895340972894@s.whatsapp.net","xp":0,"level":1},{"id":"6289520465903@s.whatsapp.net","xp":0,"level":1},{"id":"6281276698054@s.whatsapp.net","xp":0,"level":1},{"id":"6283134121999@s.whatsapp.net","xp":28,"level":1},{"id":"6287770447843@s.whatsapp.net","xp":33,"level":1},{"id":"6281219888003@s.whatsapp.net","xp":0,"level":1},{"id":"6282114367104@s.whatsapp.net","xp":14,"level":1},{"id":"6285784303804@s.whatsapp.net","xp":0,"level":1},{"id":"6285888266836@s.whatsapp.net","xp":0,"level":1},{"id":"6285885451612@s.whatsapp.net","xp":0,"level":1},{"id":"6285267610601@s.whatsapp.net","xp":0,"level":1},{"id":"62856075411900@s.whatsapp.net","xp":0,"level":1},{"id":"6288271727779@s.whatsapp.net","xp":32,"level":1},{"id":"6283127368000@s.whatsapp.net","xp":17,"level":1},{"id":"6283898342636@s.whatsapp.net","xp":24,"level":1},{"id":"6283834266957@s.whatsapp.net","xp":0,"level":1},{"id":"6285821301237@s.whatsapp.net","xp":0,"level":1},{"id":"6281281746221@s.whatsapp.net","xp":0,"level":1},{"id":"628993968117@s.whatsapp.net","xp":0,"level":1},{"id":"6281272057245@s.whatsapp.net","xp":0,"level":1},{"id":"6287806364251@s.whatsapp.net","xp":0,"level":1},{"id":"6287766134534@s.whatsapp.net","xp":0,"level":1},{"id":"6285270992422@s.whatsapp.net","xp":0,"level":1},{"id":"6285773663007@s.whatsapp.net","xp":0,"level":1},{"id":"6283872106127@s.whatsapp.net","xp":33,"level":1},{"id":"436703061285089@s.whatsapp.net","xp":222,"level":2},{"id":"62857815632835@s.whatsapp.net","xp":14,"level":1},{"id":"18647749533@s.whatsapp.net","xp":0,"level":1},{"id":"6282142425695@s.whatsapp.net","xp":0,"level":1},{"id":"628979530736@s.whatsapp.net","xp":65,"level":1},{"id":"62812181963181@s.whatsapp.net","xp":0,"level":1},{"id":"6283137619111@s.whatsapp.net","xp":0,"level":1},{"id":"6285608064356@s.whatsapp.net","xp":0,"level":1},{"id":"6285757306288@s.whatsapp.net","xp":0,"level":1},{"id":"212652641173@s.whatsapp.net","xp":25,"level":1},{"id":"628976474200@s.whatsapp.net","xp":0,"level":1},{"id":"62895324076351@s.whatsapp.net","xp":0,"level":1},{"id":"6281289312176@s.whatsapp.net","xp":0,"level":1},{"id":"62887435376341@s.whatsapp.net","xp":0,"level":1},{"id":"6288293956224@s.whatsapp.net","xp":0,"level":1},{"id":"6289636113562@s.whatsapp.net","xp":0,"level":1},{"id":"6289653770931@s.whatsapp.net","xp":0,"level":1},{"id":"6283824035969@s.whatsapp.net","xp":0,"level":1},{"id":"6282294064411@s.whatsapp.net","xp":0,"level":1},{"id":"6281380311018@s.whatsapp.net","xp":0,"level":1},{"id":"6288291636619@s.whatsapp.net","xp":0,"level":1},{"id":"17177509977@s.whatsapp.net","xp":164,"level":2},{"id":"6283181085070@s.whatsapp.net","xp":18,"level":1},{"id":"6283892702375@s.whatsapp.net","xp":24,"level":1},{"id":"6287755826850@s.whatsapp.net","xp":98,"level":1},{"id":"62895325046253@s.whatsapp.net","xp":29,"level":1},{"id":"6281282519147@s.whatsapp.net","xp":0,"level":1},{"id":"6285607238515@s.whatsapp.net","xp":0,"level":1},{"id":"6287755080455@s.whatsapp.net","xp":0,"level":1},{"id":"6285718312918@s.whatsapp.net","xp":0,"level":1},{"id":"6285162617526@s.whatsapp.net","xp":0,"level":1},{"id":"6285954743409@s.whatsapp.net","xp":0,"level":1},{"id":"6283186824228@s.whatsapp.net","xp":0,"level":1},{"id":"62895385961070@s.whatsapp.net","xp":0,"level":1},{"id":"6282292560400@s.whatsapp.net","xp":0,"level":1},{"id":"6288272489919@s.whatsapp.net","xp":0,"level":1},{"id":"628976414916@s.whatsapp.net","xp":65,"level":1},{"id":"62895336722950@s.whatsapp.net","xp":0,"level":1},{"id":"6281906412862@s.whatsapp.net","xp":0,"level":1},{"id":"6285781375237@s.whatsapp.net","xp":17,"level":1},{"id":"6285337509294@s.whatsapp.net","xp":0,"level":1}]