[{"id":"6283872106127@s.whatsapp.net","uang":107},{"id":"436703061285089@s.whatsapp.net","uang":232},{"id":"628979530736@s.whatsapp.net","uang":57},{"id":"212652641173@s.whatsapp.net","uang":80},{"id":"62857815632835@s.whatsapp.net","uang":13},{"id":"6289512545999@s.whatsapp.net","uang":1815},{"id":"17177509977@s.whatsapp.net","uang":193},{"id":"6283181085070@s.whatsapp.net","uang":34},{"id":"6283892702375@s.whatsapp.net","uang":30},{"id":"6287755826850@s.whatsapp.net","uang":123},{"id":"62895325046253@s.whatsapp.net","uang":30},{"id":"628976414916@s.whatsapp.net","uang":331},{"id":"6285781375237@s.whatsapp.net","uang":18}]